loss,hyperparameters,iteration,runtime,score,std
0.5803014829079984,"{'boosting_type': 'goss', 'colsample_bytree': 0.8919022433200815, 'learning_rate': 0.05633401450833308, 'limit_max_depth': True, 'max_depth': 35, 'min_child_samples': 15, 'num_leaves': 47, 'reg_alpha': 0.2027408969753789, 'reg_lambda': 0.39446675857206126, 'subsample_for_bin': 70000, 'subsample': 1.0, 'subsample_freq': 0}",2,1.2124594089575111,0.41969851709200157,0.008394951661316341
0.5952141795056913,"{'boosting_type': 'dart', 'colsample_bytree': 0.9618240254548482, 'learning_rate': 0.182268185125111, 'limit_max_depth': False, 'max_depth': -1, 'min_child_samples': 60, 'num_leaves': 31, 'reg_alpha': 0.04436448973552176, 'reg_lambda': 0.7289604288003786, 'subsample_for_bin': 52000, 'drop_rate': 0.30495893127512264, 'subsample': 0.601883344609016, 'subsample_freq': 5}",3,147.05214348705485,0.4047858204943087,0.027048039441832893
0.5672181687532125,"{'boosting_type': 'gbdt', 'colsample_bytree': 0.9094704922598723, 'learning_rate': 0.07244174312794135, 'limit_max_depth': True, 'max_depth': 12, 'min_child_samples': 20, 'num_leaves': 8, 'reg_alpha': 0.4407477136242305, 'reg_lambda': 0.671526490522268, 'subsample_for_bin': 16000, 'subsample': 0.7761142821344129, 'subsample_freq': 5}",4,0.7811379886232317,0.43278183124678743,0.011906069205922562
0.5701037379658221,"{'boosting_type': 'goss', 'colsample_bytree': 0.5082345279298217, 'learning_rate': 0.10408635131070859, 'limit_max_depth': True, 'max_depth': 26, 'min_child_samples': 75, 'num_leaves': 46, 'reg_alpha': 0.841865788633133, 'reg_lambda': 0.7908021802574309, 'subsample_for_bin': 32000, 'subsample': 1.0, 'subsample_freq': 0}",5,0.795707053784281,0.42989626203417786,0.015479672733415197
0.5608402801602488,"{'boosting_type': 'gbdt', 'colsample_bytree': 0.7246491308011249, 'learning_rate': 0.08377082719894388, 'limit_max_depth': False, 'max_depth': -1, 'min_child_samples': 20, 'num_leaves': 38, 'reg_alpha': 0.6162614575808277, 'reg_lambda': 0.3286469948385299, 'subsample_for_bin': 16000, 'subsample': 0.8966495885471955, 'subsample_freq': 5}",6,1.224315032735467,0.43915971983975116,0.01537618467724944
0.5940198726608827,"{'boosting_type': 'dart', 'colsample_bytree': 0.9199822041561672, 'learning_rate': 0.025596506647158363, 'limit_max_depth': False, 'max_depth': -1, 'min_child_samples': 15, 'num_leaves': 41, 'reg_alpha': 0.8891343173832298, 'reg_lambda': 0.29619066590466925, 'subsample_for_bin': 92000, 'drop_rate': 0.4158887836289461, 'subsample': 0.865550944806071, 'subsample_freq': 8}",7,202.20605193991213,0.4059801273391172,0.017581235380076894
0.5926544518017135,"{'boosting_type': 'dart', 'colsample_bytree': 0.834178255369308, 'learning_rate': 0.03528880798151618, 'limit_max_depth': True, 'max_depth': 40, 'min_child_samples': 70, 'num_leaves': 4, 'reg_alpha': 0.9423706577200381, 'reg_lambda': 0.29903996257677934, 'subsample_for_bin': 42000, 'drop_rate': 0.49885447120721205, 'subsample': 0.7335703632018782, 'subsample_freq': 2}",8,83.30234751217067,0.4073455481982865,0.02593309169727709
0.576784239146803,"{'boosting_type': 'gbdt', 'colsample_bytree': 0.9375945109028877, 'learning_rate': 0.18468539499152548, 'limit_max_depth': True, 'max_depth': 4, 'min_child_samples': 65, 'num_leaves': 9, 'reg_alpha': 0.35152875088610047, 'reg_lambda': 0.39663549123564656, 'subsample_for_bin': 98000, 'subsample': 0.9213798260994841, 'subsample_freq': 5}",9,0.7952533748000861,0.42321576085319695,0.025938437689008154
0.6081000897384692,"{'boosting_type': 'dart', 'colsample_bytree': 0.6142569132216888, 'learning_rate': 0.11740929604631523, 'limit_max_depth': False, 'max_depth': -1, 'min_child_samples': 15, 'num_leaves': 29, 'reg_alpha': 0.8110495825578666, 'reg_lambda': 0.4925279663617421, 'subsample_for_bin': 12000, 'drop_rate': 0.37128138807809163, 'subsample': 0.6523669209895138, 'subsample_freq': 4}",10,187.4329229953699,0.39189991026153076,0.025776987593638733
0.5682832761182095,"{'boosting_type': 'gbdt', 'colsample_bytree': 0.9857966645656371, 'learning_rate': 0.2419484238451191, 'limit_max_depth': False, 'max_depth': -1, 'min_child_samples': 65, 'num_leaves': 17, 'reg_alpha': 0.5713500283426907, 'reg_lambda': 0.5646959038707026, 'subsample_for_bin': 92000, 'subsample': 0.5323403651976164, 'subsample_freq': 5}",11,0.9696292966604233,0.43171672388179055,0.015844973146476073
0.5775080358800988,"{'boosting_type': 'goss', 'colsample_bytree': 0.6726697784678727, 'learning_rate': 0.04821835973931466, 'limit_max_depth': False, 'max_depth': -1, 'min_child_samples': 60, 'num_leaves': 44, 'reg_alpha': 0.7071170573194753, 'reg_lambda': 0.4998183050085184, 'subsample_for_bin': 72000, 'subsample': 1.0, 'subsample_freq': 0}",12,0.6749667876400054,0.4224919641199012,0.015819220787902294
0.5609149186548206,"{'boosting_type': 'gbdt', 'colsample_bytree': 0.9681285565234213, 'learning_rate': 0.06157580898303919, 'limit_max_depth': True, 'max_depth': 29, 'min_child_samples': 20, 'num_leaves': 39, 'reg_alpha': 0.8903240161032829, 'reg_lambda': 0.20567094636162253, 'subsample_for_bin': 8000, 'subsample': 0.713518914394653, 'subsample_freq': 6}",13,1.2978088766336442,0.43908508134517943,0.019709077230664732
0.5777890467107047,"{'boosting_type': 'goss', 'colsample_bytree': 0.5108465046488753, 'learning_rate': 0.05858852897317804, 'limit_max_depth': True, 'max_depth': 5, 'min_child_samples': 10, 'num_leaves': 7, 'reg_alpha': 0.8638931117861242, 'reg_lambda': 0.7848390007298623, 'subsample_for_bin': 6000, 'subsample': 1.0, 'subsample_freq': 0}",14,0.7408383070491255,0.42221095328929525,0.028185232347201442
0.5545934062993664,"{'boosting_type': 'gbdt', 'colsample_bytree': 0.9032681392408, 'learning_rate': 0.05238855524610007, 'limit_max_depth': False, 'max_depth': -1, 'min_child_samples': 15, 'num_leaves': 32, 'reg_alpha': 0.909875766765908, 'reg_lambda': 0.46703875287680685, 'subsample_for_bin': 32000, 'subsample': 0.7292650804549794, 'subsample_freq': 3}",15,1.2814768043346703,0.4454065937006336,0.015854759719944603
0.5623774501064356,"{'boosting_type': 'goss', 'colsample_bytree': 0.5666520007714804, 'learning_rate': 0.1158964132964813, 'limit_max_depth': True, 'max_depth': 38, 'min_child_samples': 35, 'num_leaves': 20, 'reg_alpha': 0.5319818122587986, 'reg_lambda': 0.9608036245849706, 'subsample_for_bin': 42000, 'subsample': 1.0, 'subsample_freq': 0}",16,1.115140185225755,0.43762254989356436,0.011587374255170715
0.6042234934304169,"{'boosting_type': 'dart', 'colsample_bytree': 0.6669325977695987, 'learning_rate': 0.06536818591828866, 'limit_max_depth': True, 'max_depth': 38, 'min_child_samples': 75, 'num_leaves': 45, 'reg_alpha': 0.6508414541855528, 'reg_lambda': 0.06231421383125113, 'subsample_for_bin': 48000, 'drop_rate': 0.464299816328145, 'subsample': 0.812114475299909, 'subsample_freq': 1}",17,155.59015159457923,0.39577650656958313,0.01536951949104576
0.5788625714546749,"{'boosting_type': 'gbdt', 'colsample_bytree': 0.5646786085976716, 'learning_rate': 0.04988340764193253, 'limit_max_depth': True, 'max_depth': 4, 'min_child_samples': 40, 'num_leaves': 48, 'reg_alpha': 0.45920804908047697, 'reg_lambda': 0.6435513410650253, 'subsample_for_bin': 54000, 'subsample': 0.9898021390020761, 'subsample_freq': 6}",18,0.837209592293948,0.42113742854532515,0.016506578828946718
0.5592359244693127,"{'boosting_type': 'gbdt', 'colsample_bytree': 0.662666965393985, 'learning_rate': 0.12965978618197, 'limit_max_depth': True, 'max_depth': 31, 'min_child_samples': 70, 'num_leaves': 22, 'reg_alpha': 0.17548965770084413, 'reg_lambda': 0.59588994438018, 'subsample_for_bin': 94000, 'subsample': 0.6501392309237111, 'subsample_freq': 2}",19,0.8553400300443172,0.4407640755306873,0.019511467138815027
0.6160992947437108,"{'boosting_type': 'dart', 'colsample_bytree': 0.9644679048918801, 'learning_rate': 0.06622609733729941, 'limit_max_depth': True, 'max_depth': 13, 'min_child_samples': 75, 'num_leaves': 13, 'reg_alpha': 0.052591190018446254, 'reg_lambda': 0.7897701140308482, 'subsample_for_bin': 50000, 'drop_rate': 0.2585686779558586, 'subsample': 0.5822274906617677, 'subsample_freq': 10}",20,139.4408414210193,0.38390070525628917,0.018776915806983336
0.5745045478812363,"{'boosting_type': 'goss', 'colsample_bytree': 0.8933310620882176, 'learning_rate': 0.183297535030208, 'limit_max_depth': False, 'max_depth': -1, 'min_child_samples': 5, 'num_leaves': 25, 'reg_alpha': 0.8473198627580484, 'reg_lambda': 0.3292400807844176, 'subsample_for_bin': 20000, 'subsample': 1.0, 'subsample_freq': 0}",21,1.11489193206653,0.42549545211876366,0.019499814616640226
0.5605393489184094,"{'boosting_type': 'gbdt', 'colsample_bytree': 0.7990824304221998, 'learning_rate': 0.03944113903377976, 'limit_max_depth': False, 'max_depth': -1, 'min_child_samples': 50, 'num_leaves': 34, 'reg_alpha': 0.2217898585644203, 'reg_lambda': 0.9198547580164683, 'subsample_for_bin': 28000, 'subsample': 0.6255257774289845, 'subsample_freq': 1}",22,1.1559555451385677,0.43946065108159066,0.010085786810645406
0.55470616419384,"{'boosting_type': 'gbdt', 'colsample_bytree': 0.7573227432745545, 'learning_rate': 0.09200317924888561, 'limit_max_depth': False, 'max_depth': -1, 'min_child_samples': 35, 'num_leaves': 24, 'reg_alpha': 0.20822943048120818, 'reg_lambda': 0.13848736226120434, 'subsample_for_bin': 66000, 'subsample': 0.704887295768492, 'subsample_freq': 1}",23,1.1094653435982764,0.44529383580616005,0.016577624115388385
0.5686674202415869,"{'boosting_type': 'gbdt', 'colsample_bytree': 0.8337107576302156, 'learning_rate': 0.09105871019477645, 'limit_max_depth': False, 'max_depth': -1, 'min_child_samples': 30, 'num_leaves': 33, 'reg_alpha': 0.3424201894974256, 'reg_lambda': 0.016470445577830034, 'subsample_for_bin': 66000, 'subsample': 0.7879625992276751, 'subsample_freq': 2}",24,1.1200925147160887,0.4313325797584131,0.015451020193392553
0.5491265904040474,"{'boosting_type': 'gbdt', 'colsample_bytree': 0.7571898748494308, 'learning_rate': 0.02564390894721063, 'limit_max_depth': False, 'max_depth': -1, 'min_child_samples': 30, 'num_leaves': 26, 'reg_alpha': 0.10298580003302146, 'reg_lambda': 0.13740005325154542, 'subsample_for_bin': 80000, 'subsample': 0.6987081036676847, 'subsample_freq': 3}",25,1.0594164355657996,0.4508734095959526,0.007329920752948421
0.5601732809873876,"{'boosting_type': 'gbdt', 'colsample_bytree': 0.7531133964018875, 'learning_rate': 0.025275717846512055, 'limit_max_depth': False, 'max_depth': -1, 'min_child_samples': 30, 'num_leaves': 28, 'reg_alpha': 0.986173386177906, 'reg_lambda': 0.17582354243712828, 'subsample_for_bin': 82000, 'subsample': 0.5658909116369727, 'subsample_freq': 3}",26,1.015403560642153,0.43982671901261244,0.025523190318640497
0.567589583984502,"{'boosting_type': 'gbdt', 'colsample_bytree': 0.8325128114098785, 'learning_rate': 0.031487695976655176, 'limit_max_depth': False, 'max_depth': -1, 'min_child_samples': 50, 'num_leaves': 35, 'reg_alpha': 0.0015436656292904805, 'reg_lambda': 0.08867799164000595, 'subsample_for_bin': 82000, 'subsample': 0.8363040361026811, 'subsample_freq': 9}",27,1.2170247038826347,0.432410416015498,0.013922827375093606
0.5716582931537559,"{'boosting_type': 'gbdt', 'colsample_bytree': 0.862561407268455, 'learning_rate': 0.030462142826047207, 'limit_max_depth': False, 'max_depth': -1, 'min_child_samples': 25, 'num_leaves': 19, 'reg_alpha': 0.7739617617544537, 'reg_lambda': 0.4262918293799019, 'subsample_for_bin': 30000, 'subsample': 0.6456502238100622, 'subsample_freq': 3}",28,1.3056048864498735,0.4283417068462441,0.013846528895797091
0.5548138948941267,"{'boosting_type': 'gbdt', 'colsample_bytree': 0.7917165829422852, 'learning_rate': 0.04056265968863079, 'limit_max_depth': False, 'max_depth': -1, 'min_child_samples': 5, 'num_leaves': 15, 'reg_alpha': 0.11574118753814927, 'reg_lambda': 0.18715444507258053, 'subsample_for_bin': 84000, 'subsample': 0.7184194366949338, 'subsample_freq': 3}",29,1.1185732384212315,0.4451861051058733,0.024022318139737254
0.5643777489389277,"{'boosting_type': 'gbdt', 'colsample_bytree': 0.7097284146489139, 'learning_rate': 0.028789405528356987, 'limit_max_depth': False, 'max_depth': -1, 'min_child_samples': 45, 'num_leaves': 27, 'reg_alpha': 0.33291793399992975, 'reg_lambda': 0.24279544424842314, 'subsample_for_bin': 38000, 'subsample': 0.8285192872955343, 'subsample_freq': 8}",30,1.358274812065065,0.43562225106107233,0.021128620547079216
0.5649771629122146,"{'boosting_type': 'gbdt', 'colsample_bytree': 0.8765262669628667, 'learning_rate': 0.04578278516594874, 'limit_max_depth': False, 'max_depth': -1, 'min_child_samples': 10, 'num_leaves': 37, 'reg_alpha': 0.7293428049898701, 'reg_lambda': 0.453326758118752, 'subsample_for_bin': 58000, 'subsample': 0.5820932957981706, 'subsample_freq': 4}",31,1.3411139473319054,0.43502283708778544,0.008742305133560061
0.5719521675306055,"{'boosting_type': 'gbdt', 'colsample_bytree': 0.7872904848699231, 'learning_rate': 0.14622574753068238, 'limit_max_depth': False, 'max_depth': -1, 'min_child_samples': 25, 'num_leaves': 32, 'reg_alpha': 0.9958280681845246, 'reg_lambda': 0.5683662227876458, 'subsample_for_bin': 76000, 'subsample': 0.6746290335397006, 'subsample_freq': 7}",32,0.9000265375711024,0.4280478324693945,0.017661197671296352
0.5653664006697184,"{'boosting_type': 'gbdt', 'colsample_bytree': 0.9954569928527764, 'learning_rate': 0.03670329819106384, 'limit_max_depth': False, 'max_depth': -1, 'min_child_samples': 40, 'num_leaves': 31, 'reg_alpha': 0.2735238648787657, 'reg_lambda': 0.010884106276205174, 'subsample_for_bin': 62000, 'subsample': 0.7559369727489081, 'subsample_freq': 2}",33,1.4595894298516214,0.43463359933028156,0.01185858481565487
0.5679967927450166,"{'boosting_type': 'goss', 'colsample_bytree': 0.9328500968042984, 'learning_rate': 0.07441251334074978, 'limit_max_depth': False, 'max_depth': -1, 'min_child_samples': 10, 'num_leaves': 12, 'reg_alpha': 0.4336263357976965, 'reg_lambda': 0.8757168605476726, 'subsample_for_bin': 24000, 'subsample': 1.0, 'subsample_freq': 0}",34,0.9040762475691736,0.4320032072549834,0.014148374402197815
0.5756301025809939,"{'boosting_type': 'gbdt', 'colsample_bytree': 0.7115188144234171, 'learning_rate': 0.051294579416943153, 'limit_max_depth': False, 'max_depth': -1, 'min_child_samples': 25, 'num_leaves': 50, 'reg_alpha': 0.1063523382058667, 'reg_lambda': 0.6708015058508731, 'subsample_for_bin': 38000, 'subsample': 0.833592153729364, 'subsample_freq': 4}",35,1.0420276113785802,0.4243698974190061,0.01452654244102874
0.6066154330664386,"{'boosting_type': 'dart', 'colsample_bytree': 0.6324000434546894, 'learning_rate': 0.025234905618865114, 'limit_max_depth': False, 'max_depth': -1, 'min_child_samples': 50, 'num_leaves': 41, 'reg_alpha': 0.3983316819382955, 'reg_lambda': 0.7256860073186103, 'subsample_for_bin': 34000, 'drop_rate': 0.13862904196452422, 'subsample': 0.9762645995919652, 'subsample_freq': 8}",36,199.16235514534637,0.39338456693356144,0.027105501566205073
0.5638943682219233,"{'boosting_type': 'gbdt', 'colsample_bytree': 0.7356846065285344, 'learning_rate': 0.04312001457227906, 'limit_max_depth': False, 'max_depth': -1, 'min_child_samples': 15, 'num_leaves': 22, 'reg_alpha': 0.5077544409341828, 'reg_lambda': 0.3391459304000478, 'subsample_for_bin': 56000, 'subsample': 0.6109064403320515, 'subsample_freq': 4}",37,1.0519886616617442,0.43610563177807676,0.005228116298424797
0.5702083028703466,"{'boosting_type': 'goss', 'colsample_bytree': 0.8184940499598697, 'learning_rate': 0.03322539058115631, 'limit_max_depth': False, 'max_depth': -1, 'min_child_samples': 20, 'num_leaves': 29, 'reg_alpha': 0.6237188404189665, 'reg_lambda': 0.10422600773637661, 'subsample_for_bin': 76000, 'subsample': 1.0, 'subsample_freq': 0}",38,1.461629522498697,0.42979169712965337,0.009576466072695812
0.5961579524389344,"{'boosting_type': 'dart', 'colsample_bytree': 0.8590737209267341, 'learning_rate': 0.028269888341876256, 'limit_max_depth': False, 'max_depth': -1, 'min_child_samples': 30, 'num_leaves': 36, 'reg_alpha': 0.9499171559651031, 'reg_lambda': 0.24045586790932882, 'subsample_for_bin': 48000, 'drop_rate': 0.10089693323642862, 'subsample': 0.5052574429255071, 'subsample_freq': 10}",39,164.68581081200392,0.4038420475610656,0.027226454321475507
0.5612337576592128,"{'boosting_type': 'gbdt', 'colsample_bytree': 0.902349616470552, 'learning_rate': 0.055171727493437246, 'limit_max_depth': False, 'max_depth': -1, 'min_child_samples': 35, 'num_leaves': 25, 'reg_alpha': 0.27623946429729196, 'reg_lambda': 0.266884254872445, 'subsample_for_bin': 20000, 'subsample': 0.5003113397173061, 'subsample_freq': 1}",40,0.8986937307752669,0.4387662423407872,0.013981080427300563
0.5677592506707064,"{'boosting_type': 'gbdt', 'colsample_bytree': 0.692042050379439, 'learning_rate': 0.07768401908618745, 'limit_max_depth': False, 'max_depth': -1, 'min_child_samples': 55, 'num_leaves': 39, 'reg_alpha': 0.6671656466279241, 'reg_lambda': 0.368684467969544, 'subsample_for_bin': 2000, 'subsample': 0.6834328117074706, 'subsample_freq': 3}",41,1.1334067828953267,0.43224074932929357,0.012204575616137157
0.6015435089546548,"{'boosting_type': 'dart', 'colsample_bytree': 0.7698382522885941, 'learning_rate': 0.14845265296287247, 'limit_max_depth': False, 'max_depth': -1, 'min_child_samples': 15, 'num_leaves': 42, 'reg_alpha': 0.006674508640479346, 'reg_lambda': 0.45652671843985987, 'subsample_for_bin': 100000, 'drop_rate': 0.20483751021850233, 'subsample': 0.9893101176153899, 'subsample_freq': 3}",42,226.0745115097612,0.3984564910453452,0.016414880699671914
0.5624316288380419,"{'boosting_type': 'gbdt', 'colsample_bytree': 0.6011136378969155, 'learning_rate': 0.03597027756368212, 'limit_max_depth': False, 'max_depth': -1, 'min_child_samples': 20, 'num_leaves': 30, 'reg_alpha': 0.5740161698569336, 'reg_lambda': 0.5531434168777756, 'subsample_for_bin': 86000, 'subsample': 0.8953362877872784, 'subsample_freq': 2}",43,1.562258481234312,0.4375683711619581,0.020631363377240232
0.5704312388397461,"{'boosting_type': 'goss', 'colsample_bytree': 0.9364491194778153, 'learning_rate': 0.10398050136836269, 'limit_max_depth': False, 'max_depth': -1, 'min_child_samples': 5, 'num_leaves': 17, 'reg_alpha': 0.13452905965775253, 'reg_lambda': 0.8353258695854298, 'subsample_for_bin': 12000, 'subsample': 1.0, 'subsample_freq': 0}",44,0.908189192134887,0.42956876116025383,0.0170150032429907
0.5723394914172293,"{'boosting_type': 'gbdt', 'colsample_bytree': 0.643319473527665, 'learning_rate': 0.08598590755879783, 'limit_max_depth': True, 'max_depth': 10, 'min_child_samples': 45, 'num_leaves': 6, 'reg_alpha': 0.7793577559824456, 'reg_lambda': 0.5279157268639791, 'subsample_for_bin': 42000, 'subsample': 0.7387104117727349, 'subsample_freq': 4}",45,0.8066335078328848,0.42766050858277066,0.016314773928892738
0.6042123325448969,"{'boosting_type': 'dart', 'colsample_bytree': 0.9151623636502133, 'learning_rate': 0.2239406670741942, 'limit_max_depth': False, 'max_depth': -1, 'min_child_samples': 10, 'num_leaves': 22, 'reg_alpha': 0.38829313366012835, 'reg_lambda': 0.3904958428351678, 'subsample_for_bin': 70000, 'drop_rate': 0.1685287697382271, 'subsample': 0.892596566228856, 'subsample_freq': 7}",46,142.39861122518778,0.3957876674551031,0.013494417200413769
0.5730721100250596,"{'boosting_type': 'gbdt', 'colsample_bytree': 0.5476152920642112, 'learning_rate': 0.05359896134372566, 'limit_max_depth': True, 'max_depth': 2, 'min_child_samples': 25, 'num_leaves': 43, 'reg_alpha': 0.9073288835933457, 'reg_lambda': 0.743052749259667, 'subsample_for_bin': 90000, 'subsample': 0.7887272133204294, 'subsample_freq': 7}",47,0.7239371876232326,0.42692788997494036,0.026113127716017318
0.5758261634332195,"{'boosting_type': 'goss', 'colsample_bytree': 0.857603840045486, 'learning_rate': 0.0275188830484588, 'limit_max_depth': False, 'max_depth': -1, 'min_child_samples': 40, 'num_leaves': 19, 'reg_alpha': 0.06340293341171752, 'reg_lambda': 0.1324889133000677, 'subsample_for_bin': 62000, 'subsample': 1.0, 'subsample_freq': 0}",48,1.2563889855518937,0.42417383656678054,0.005889166410048626
0.5643878121826609,"{'boosting_type': 'gbdt', 'colsample_bytree': 0.9533919790202964, 'learning_rate': 0.06527115155180936, 'limit_max_depth': True, 'max_depth': 18, 'min_child_samples': 20, 'num_leaves': 48, 'reg_alpha': 0.5522997643978191, 'reg_lambda': 0.6124384947011455, 'subsample_for_bin': 44000, 'subsample': 0.5869324740291302, 'subsample_freq': 3}",49,1.1001080706715585,0.4356121878173392,0.008601330659449655
0.6143005690562688,"{'boosting_type': 'dart', 'colsample_bytree': 0.9801405090466754, 'learning_rate': 0.04572346412888254, 'limit_max_depth': False, 'max_depth': -1, 'min_child_samples': 30, 'num_leaves': 10, 'reg_alpha': 0.2905994309523086, 'reg_lambda': 0.9791628207161088, 'subsample_for_bin': 26000, 'drop_rate': 0.32548039353789116, 'subsample': 0.5010097132214374, 'subsample_freq': 6}",50,125.9726543993689,0.3856994309437311,0.016859429797598652
0.5614298399215002,"{'boosting_type': 'gbdt', 'colsample_bytree': 0.7376072413714613, 'learning_rate': 0.06995373618455984, 'limit_max_depth': False, 'max_depth': -1, 'min_child_samples': 35, 'num_leaves': 40, 'reg_alpha': 0.4790152546906127, 'reg_lambda': 0.05873456033440427, 'subsample_for_bin': 96000, 'subsample': 0.7639775549485056, 'subsample_freq': 2}",51,1.121633702609688,0.4385701600784998,0.012703042092308017
0.5727827264429031,"{'boosting_type': 'goss', 'colsample_bytree': 0.8085800735886732, 'learning_rate': 0.03893593575437517, 'limit_max_depth': True, 'max_depth': 7, 'min_child_samples': 55, 'num_leaves': 26, 'reg_alpha': 0.6884473269495746, 'reg_lambda': 0.30830830820006094, 'subsample_for_bin': 34000, 'subsample': 1.0, 'subsample_freq': 0}",52,0.6799816134385764,0.427217273557097,0.014328126545142287
0.5655197153372356,"{'boosting_type': 'gbdt', 'colsample_bytree': 0.7687353882895894, 'learning_rate': 0.10338255988479843, 'limit_max_depth': False, 'max_depth': -1, 'min_child_samples': 15, 'num_leaves': 46, 'reg_alpha': 0.5950007739855703, 'reg_lambda': 0.47576350181099347, 'subsample_for_bin': 14000, 'subsample': 0.8012979123734693, 'subsample_freq': 4}",53,1.1331931301392615,0.4344802846627644,0.019555781919192404
0.5675688060089638,"{'boosting_type': 'gbdt', 'colsample_bytree': 0.8815963762630448, 'learning_rate': 0.20834411286251325, 'limit_max_depth': False, 'max_depth': -1, 'min_child_samples': 10, 'num_leaves': 23, 'reg_alpha': 0.1542058993652861, 'reg_lambda': 0.5186445584658569, 'subsample_for_bin': 6000, 'subsample': 0.8805903216286026, 'subsample_freq': 6}",54,0.8901298527605832,0.43243119399103624,0.024057478223980445
0.6081424429035982,"{'boosting_type': 'dart', 'colsample_bytree': 0.6815674295575613, 'learning_rate': 0.059503369220955823, 'limit_max_depth': True, 'max_depth': 31, 'min_child_samples': 25, 'num_leaves': 34, 'reg_alpha': 0.8124599565656772, 'reg_lambda': 0.731402068901061, 'subsample_for_bin': 22000, 'drop_rate': 0.23449719180158318, 'subsample': 0.7332220992861883, 'subsample_freq': 9}",55,173.96197233516722,0.39185755709640185,0.0140936797592481
0.5667168400771956,"{'boosting_type': 'gbdt', 'colsample_bytree': 0.5955200462130192, 'learning_rate': 0.16446179510088285, 'limit_max_depth': False, 'max_depth': -1, 'min_child_samples': 45, 'num_leaves': 16, 'reg_alpha': 0.7363237010289521, 'reg_lambda': 0.036512811522785904, 'subsample_for_bin': 78000, 'subsample': 0.9544426727789441, 'subsample_freq': 5}",56,0.9239949475973844,0.43328315992280436,0.018639238712360073
0.5782072264647254,"{'boosting_type': 'goss', 'colsample_bytree': 0.5326022523008647, 'learning_rate': 0.031959052246267175, 'limit_max_depth': False, 'max_depth': -1, 'min_child_samples': 65, 'num_leaves': 20, 'reg_alpha': 0.5077087671209111, 'reg_lambda': 0.21562691741528628, 'subsample_for_bin': 70000, 'subsample': 1.0, 'subsample_freq': 0}",57,0.8125239372253418,0.42179277353527456,0.022153994196308015
0.5654931960622889,"{'boosting_type': 'gbdt', 'colsample_bytree': 0.5013059341565922, 'learning_rate': 0.1151954131939839, 'limit_max_depth': True, 'max_depth': 12, 'min_child_samples': 35, 'num_leaves': 37, 'reg_alpha': 0.948777487731034, 'reg_lambda': 0.15176989794174917, 'subsample_for_bin': 60000, 'subsample': 0.8661852149737939, 'subsample_freq': 10}",58,1.0642595937475563,0.4345068039377112,0.024477625690500854
0.5536022617699718,"{'boosting_type': 'gbdt', 'colsample_bytree': 0.822111323876428, 'learning_rate': 0.03366165629001387, 'limit_max_depth': False, 'max_depth': -1, 'min_child_samples': 30, 'num_leaves': 32, 'reg_alpha': 0.20803346216944002, 'reg_lambda': 0.41433500832461995, 'subsample_for_bin': 50000, 'subsample': 0.5029437661039826, 'subsample_freq': 1}",59,1.435975412093103,0.4463977382300281,0.02429223851065553
0.5621727733056788,"{'boosting_type': 'gbdt', 'colsample_bytree': 0.8459697864817062, 'learning_rate': 0.026774348446095705, 'limit_max_depth': False, 'max_depth': -1, 'min_child_samples': 55, 'num_leaves': 28, 'reg_alpha': 0.08327464255606418, 'reg_lambda': 0.4075651708100895, 'subsample_for_bin': 54000, 'subsample': 0.5549020266494824, 'subsample_freq': 1}",60,1.4607395914383232,0.43782722669432117,0.008682476917971332
0.6040214740295522,"{'boosting_type': 'dart', 'colsample_bytree': 0.7106488874250657, 'learning_rate': 0.043172696476881434, 'limit_max_depth': False, 'max_depth': -1, 'min_child_samples': 80, 'num_leaves': 13, 'reg_alpha': 0.24054587220186346, 'reg_lambda': 0.26854814451506803, 'subsample_for_bin': 88000, 'drop_rate': 0.4103015429252457, 'subsample': 0.9200765119031392, 'subsample_freq': 1}",61,142.2490551702678,0.39597852597044786,0.009322371545625785
0.5615549051040071,"{'boosting_type': 'gbdt', 'colsample_bytree': 0.7768241102554947, 'learning_rate': 0.03474413339703619, 'limit_max_depth': True, 'max_depth': 38, 'min_child_samples': 40, 'num_leaves': 31, 'reg_alpha': 0.1874968616075423, 'reg_lambda': 0.3666207409919081, 'subsample_for_bin': 50000, 'subsample': 0.5171687807134029, 'subsample_freq': 1}",62,1.1492573795840144,0.4384450948959929,0.011174725469088752
0.5866450077021585,"{'boosting_type': 'goss', 'colsample_bytree': 0.6523047121572888, 'learning_rate': 0.025009747024691074, 'limit_max_depth': False, 'max_depth': -1, 'min_child_samples': 60, 'num_leaves': 26, 'reg_alpha': 0.02664196459063939, 'reg_lambda': 0.09346351454599233, 'subsample_for_bin': 64000, 'subsample': 1.0, 'subsample_freq': 0}",63,0.7858839030377567,0.4133549922978414,0.01843370051933213
0.5667462058554334,"{'boosting_type': 'gbdt', 'colsample_bytree': 0.732919142670009, 'learning_rate': 0.04818398041273606, 'limit_max_depth': False, 'max_depth': -1, 'min_child_samples': 30, 'num_leaves': 33, 'reg_alpha': 0.3093183057330753, 'reg_lambda': 7.244529278729872e-05, 'subsample_for_bin': 74000, 'subsample': 0.9347939084778242, 'subsample_freq': 2}",64,1.329254561290145,0.43325379414456655,0.02488592773695442
0.5623104638992744,"{'boosting_type': 'gbdt', 'colsample_bytree': 0.8170208791757545, 'learning_rate': 0.03778687815119972, 'limit_max_depth': False, 'max_depth': -1, 'min_child_samples': 45, 'num_leaves': 50, 'reg_alpha': 0.24280977926112457, 'reg_lambda': 0.42837133287732065, 'subsample_for_bin': 80000, 'subsample': 0.5272982991172369, 'subsample_freq': 5}",65,1.0447851211763919,0.43768953610072564,0.03034087771636128
0.5739046662963817,"{'boosting_type': 'gbdt', 'colsample_bytree': 0.694678901080044, 'learning_rate': 0.03064544206292624, 'limit_max_depth': False, 'max_depth': -1, 'min_child_samples': 50, 'num_leaves': 3, 'reg_alpha': 0.3791920021943823, 'reg_lambda': 0.2889120952460198, 'subsample_for_bin': 66000, 'subsample': 0.6127556342032653, 'subsample_freq': 1}",66,0.8482671556994319,0.4260953337036183,0.010594333801303544
0.558185233809625,"{'boosting_type': 'gbdt', 'colsample_bytree': 0.8831473711530512, 'learning_rate': 0.0415816118522579, 'limit_max_depth': False, 'max_depth': -1, 'min_child_samples': 20, 'num_leaves': 30, 'reg_alpha': 0.1627933192207763, 'reg_lambda': 0.6149264849379248, 'subsample_for_bin': 44000, 'subsample': 0.6791798253624967, 'subsample_freq': 3}",67,1.3364629294723271,0.44181476619037496,0.02468274898803655
0.5729720265608164,"{'boosting_type': 'gbdt', 'colsample_bytree': 0.9543019368500919, 'learning_rate': 0.0341906875975751, 'limit_max_depth': False, 'max_depth': -1, 'min_child_samples': 15, 'num_leaves': 35, 'reg_alpha': 0.08120227567966878, 'reg_lambda': 0.6723090807043124, 'subsample_for_bin': 36000, 'subsample': 0.6532295294508645, 'subsample_freq': 2}",68,1.6511983509175479,0.42702797343918364,0.019789440510680375
0.5607728184459463,"{'boosting_type': 'gbdt', 'colsample_bytree': 0.9019756561344459, 'learning_rate': 0.029353044008266972, 'limit_max_depth': False, 'max_depth': -1, 'min_child_samples': 30, 'num_leaves': 24, 'reg_alpha': 0.4478766986988753, 'reg_lambda': 0.49112392669216476, 'subsample_for_bin': 40000, 'subsample': 0.7385449612008643, 'subsample_freq': 5}",69,1.2586300720460712,0.4392271815540537,0.00961582247105128
0.5626548361922461,"{'boosting_type': 'gbdt', 'colsample_bytree': 0.8400240330541336, 'learning_rate': 0.05169695828490957, 'limit_max_depth': False, 'max_depth': -1, 'min_child_samples': 5, 'num_leaves': 38, 'reg_alpha': 0.4215477044004829, 'reg_lambda': 0.5636669929357988, 'subsample_for_bin': 28000, 'subsample': 0.7064883173169627, 'subsample_freq': 1}",70,1.2920354248024524,0.43734516380775396,0.019813432414594007
0.5659110391554458,"{'boosting_type': 'gbdt', 'colsample_bytree': 0.8007609583483943, 'learning_rate': 0.04528510517708018, 'limit_max_depth': False, 'max_depth': -1, 'min_child_samples': 25, 'num_leaves': 28, 'reg_alpha': 0.038277095994380325, 'reg_lambda': 0.34723951870925773, 'subsample_for_bin': 46000, 'subsample': 0.6359721801909018, 'subsample_freq': 6}",71,1.349611322954297,0.4340889608445542,0.014086373907364932
0.560128358576922,"{'boosting_type': 'gbdt', 'colsample_bytree': 0.923207537321446, 'learning_rate': 0.06174744438088243, 'limit_max_depth': False, 'max_depth': -1, 'min_child_samples': 20, 'num_leaves': 32, 'reg_alpha': 0.21422860742686484, 'reg_lambda': 0.6867886795630578, 'subsample_for_bin': 32000, 'subsample': 0.7240882601670958, 'subsample_freq': 3}",72,0.9933892857283354,0.439871641423078,0.022224003995043807
0.5683542103061143,"{'boosting_type': 'gbdt', 'colsample_bytree': 0.7462142761864461, 'learning_rate': 0.05657081751522147, 'limit_max_depth': False, 'max_depth': -1, 'min_child_samples': 10, 'num_leaves': 27, 'reg_alpha': 0.3365442838298877, 'reg_lambda': 0.21374697265370993, 'subsample_for_bin': 20000, 'subsample': 0.7990197625529053, 'subsample_freq': 4}",73,1.1694275237619878,0.4316457896938856,0.024166599621866885
0.5719564912350558,"{'boosting_type': 'gbdt', 'colsample_bytree': 0.8690329849858751, 'learning_rate': 0.03204108965121982, 'limit_max_depth': False, 'max_depth': -1, 'min_child_samples': 35, 'num_leaves': 21, 'reg_alpha': 0.24366809486331129, 'reg_lambda': 0.17113408548152476, 'subsample_for_bin': 52000, 'subsample': 0.9944286439265209, 'subsample_freq': 2}",74,1.2475328611209988,0.42804350876494424,0.014566611541338164
0.5714362909462718,"{'boosting_type': 'gbdt', 'colsample_bytree': 0.8195452665253375, 'learning_rate': 0.02614384190133714, 'limit_max_depth': False, 'max_depth': -1, 'min_child_samples': 25, 'num_leaves': 18, 'reg_alpha': 0.12038553545563117, 'reg_lambda': 0.4458846953503439, 'subsample_for_bin': 58000, 'subsample': 0.8612306855303339, 'subsample_freq': 5}",75,1.0857668871991337,0.4285637090537282,0.020425983970190825
0.6026166093036001,"{'boosting_type': 'dart', 'colsample_bytree': 0.7858711359260566, 'learning_rate': 0.03704977644139478, 'limit_max_depth': False, 'max_depth': -1, 'min_child_samples': 40, 'num_leaves': 36, 'reg_alpha': 0.6290511270871195, 'reg_lambda': 0.5314053971376158, 'subsample_for_bin': 16000, 'drop_rate': 0.10864661001754658, 'subsample': 0.7944711594159957, 'subsample_freq': 5}",76,180.39068771712482,0.3973833906964,0.031948310416246316
0.567538084142716,"{'boosting_type': 'gbdt', 'colsample_bytree': 0.9997467059891109, 'learning_rate': 0.06990822780067264, 'limit_max_depth': False, 'max_depth': -1, 'min_child_samples': 30, 'num_leaves': 24, 'reg_alpha': 0.36132142083773033, 'reg_lambda': 0.594456586103264, 'subsample_for_bin': 48000, 'subsample': 0.8151725705507886, 'subsample_freq': 3}",77,0.9534226193092763,0.43246191585728405,0.025784956030212296
0.5650920829570762,"{'boosting_type': 'goss', 'colsample_bytree': 0.7546616407659141, 'learning_rate': 0.04095567850565538, 'limit_max_depth': False, 'max_depth': -1, 'min_child_samples': 15, 'num_leaves': 43, 'reg_alpha': 0.016221093459265173, 'reg_lambda': 0.31605464586377535, 'subsample_for_bin': 38000, 'subsample': 1.0, 'subsample_freq': 0}",78,1.354812639206648,0.43490791704292375,0.023323479456931678
0.5669015244151947,"{'boosting_type': 'gbdt', 'colsample_bytree': 0.7216921102308269, 'learning_rate': 0.08499370196981029, 'limit_max_depth': True, 'max_depth': 36, 'min_child_samples': 20, 'num_leaves': 29, 'reg_alpha': 0.14592073856757612, 'reg_lambda': 0.8268344539975191, 'subsample_for_bin': 54000, 'subsample': 0.7657468091502736, 'subsample_freq': 4}",79,1.044858719035983,0.43309847558480524,0.013917111331492222
0.5633911720406324,"{'boosting_type': 'gbdt', 'colsample_bytree': 0.8523895568155373, 'learning_rate': 0.04912950093828252, 'limit_max_depth': False, 'max_depth': -1, 'min_child_samples': 5, 'num_leaves': 40, 'reg_alpha': 0.09331164769449471, 'reg_lambda': 0.3833131755357535, 'subsample_for_bin': 10000, 'subsample': 0.6615973010563092, 'subsample_freq': 7}",80,1.4872869733721017,0.4366088279593677,0.016579844316061694
0.5591957863366582,"{'boosting_type': 'gbdt', 'colsample_bytree': 0.8290845533551519, 'learning_rate': 0.09546876458156238, 'limit_max_depth': False, 'max_depth': -1, 'min_child_samples': 35, 'num_leaves': 33, 'reg_alpha': 0.31266296659648374, 'reg_lambda': 0.1208438513629255, 'subsample_for_bin': 24000, 'subsample': 0.6966502234207337, 'subsample_freq': 2}",81,1.1336051837541163,0.44080421366334177,0.01533005761589268
0.5973595543886578,"{'boosting_type': 'dart', 'colsample_bytree': 0.9256119668625838, 'learning_rate': 0.028801469661260334, 'limit_max_depth': False, 'max_depth': -1, 'min_child_samples': 25, 'num_leaves': 35, 'reg_alpha': 0.4732092103568196, 'reg_lambda': 0.7676750876302544, 'subsample_for_bin': 68000, 'drop_rate': 0.467545690031797, 'subsample': 0.671997116234574, 'subsample_freq': 3}",82,195.21807006597518,0.4026404456113421,0.014949952407288277
0.5657226500105675,"{'boosting_type': 'goss', 'colsample_bytree': 0.9764066722868018, 'learning_rate': 0.033301141200516485, 'limit_max_depth': True, 'max_depth': 25, 'min_child_samples': 10, 'num_leaves': 45, 'reg_alpha': 0.1913531823321919, 'reg_lambda': 0.34405754274537675, 'subsample_for_bin': 30000, 'subsample': 1.0, 'subsample_freq': 0}",83,1.7400524855591357,0.43427734998943246,0.017946610254040537
0.5547682796107511,"{'boosting_type': 'gbdt', 'colsample_bytree': 0.9418822655667543, 'learning_rate': 0.07419157750794882, 'limit_max_depth': False, 'max_depth': -1, 'min_child_samples': 40, 'num_leaves': 25, 'reg_alpha': 0.8680618288017362, 'reg_lambda': 0.05951346527689466, 'subsample_for_bin': 92000, 'subsample': 0.5673005207863968, 'subsample_freq': 1}",84,0.9960213275626302,0.44523172038924885,0.01937504588859117
0.5684438648064518,"{'boosting_type': 'gbdt', 'colsample_bytree': 0.9069335957253625, 'learning_rate': 0.06170850448401877, 'limit_max_depth': False, 'max_depth': -1, 'min_child_samples': 70, 'num_leaves': 38, 'reg_alpha': 0.5302295844828164, 'reg_lambda': 0.4724392457851387, 'subsample_for_bin': 56000, 'subsample': 0.6076069420438166, 'subsample_freq': 8}",85,0.995530857052654,0.43155613519354824,0.022138050738825524
0.5649765637136339,"{'boosting_type': 'gbdt', 'colsample_bytree': 0.6215655334311174, 'learning_rate': 0.07788937634378067, 'limit_max_depth': False, 'max_depth': -1, 'min_child_samples': 15, 'num_leaves': 32, 'reg_alpha': 0.9798234702228824, 'reg_lambda': 0.9086269459508478, 'subsample_for_bin': 72000, 'subsample': 0.7409659235798678, 'subsample_freq': 3}",86,0.9296861168928444,0.43502343628636614,0.01361518955657905
0.6006498894341615,"{'boosting_type': 'dart', 'colsample_bytree': 0.8870716321172479, 'learning_rate': 0.043908263743680356, 'limit_max_depth': False, 'max_depth': -1, 'min_child_samples': 30, 'num_leaves': 10, 'reg_alpha': 0.0599220074817699, 'reg_lambda': 0.6471838159474941, 'subsample_for_bin': 40000, 'drop_rate': 0.35254432159066207, 'subsample': 0.5481910283234473, 'subsample_freq': 6}",87,126.13976319842041,0.39935011056583847,0.021485456818043626
0.5608798269180986,"{'boosting_type': 'gbdt', 'colsample_bytree': 0.8959414841056886, 'learning_rate': 0.030239143114818436, 'limit_max_depth': True, 'max_depth': 26, 'min_child_samples': 35, 'num_leaves': 30, 'reg_alpha': 0.4202255948024982, 'reg_lambda': 0.2487371321553995, 'subsample_for_bin': 18000, 'subsample': 0.5510363855406002, 'subsample_freq': 1}",88,0.954655216448009,0.4391201730819015,0.02098082041067344
0.5745287131914131,"{'boosting_type': 'goss', 'colsample_bytree': 0.801518302371322, 'learning_rate': 0.047791653932613344, 'limit_max_depth': False, 'max_depth': -1, 'min_child_samples': 20, 'num_leaves': 41, 'reg_alpha': 0.8077924657848885, 'reg_lambda': 0.4142058873676915, 'subsample_for_bin': 34000, 'subsample': 1.0, 'subsample_freq': 0}",89,1.0993900570087134,0.4254712868085869,0.014148830640226885
0.5626743072028134,"{'boosting_type': 'gbdt', 'colsample_bytree': 0.7679824860565498, 'learning_rate': 0.039186582535289415, 'limit_max_depth': False, 'max_depth': -1, 'min_child_samples': 45, 'num_leaves': 23, 'reg_alpha': 0.9258844265806023, 'reg_lambda': 0.19281601810445026, 'subsample_for_bin': 84000, 'subsample': 0.5005609430703408, 'subsample_freq': 3}",90,1.3698147791437805,0.4373256927971866,0.011894282037752906
0.5685058398853229,"{'boosting_type': 'gbdt', 'colsample_bytree': 0.6749279660859752, 'learning_rate': 0.054199289397517676, 'limit_max_depth': False, 'max_depth': -1, 'min_child_samples': 30, 'num_leaves': 27, 'reg_alpha': 0.0018413448236238583, 'reg_lambda': 0.6948096766309546, 'subsample_for_bin': 44000, 'subsample': 0.5927558529701533, 'subsample_freq': 2}",91,1.3550793262198568,0.43149416011467706,0.01593355648296046
0.6133386935386538,"{'boosting_type': 'dart', 'colsample_bytree': 0.7220121525835698, 'learning_rate': 0.027450833781526195, 'limit_max_depth': True, 'max_depth': 11, 'min_child_samples': 50, 'num_leaves': 15, 'reg_alpha': 0.26171569161182506, 'reg_lambda': 0.2885751501727848, 'subsample_for_bin': 98000, 'drop_rate': 0.2594182315575133, 'subsample': 0.9461183455950486, 'subsample_freq': 4}",92,148.30619886768983,0.3866613064613463,0.02546404151853894
0.561477547694032,"{'boosting_type': 'gbdt', 'colsample_bytree': 0.7870318696110066, 'learning_rate': 0.035489870277681926, 'limit_max_depth': False, 'max_depth': -1, 'min_child_samples': 5, 'num_leaves': 34, 'reg_alpha': 0.6633652027839414, 'reg_lambda': 0.1614727982059223, 'subsample_for_bin': 62000, 'subsample': 0.8494513705249513, 'subsample_freq': 4}",93,1.779791567195207,0.438522452305968,0.030427332024233186
0.5762709640465886,"{'boosting_type': 'goss', 'colsample_bytree': 0.8480065339289973, 'learning_rate': 0.05827814190888883, 'limit_max_depth': False, 'max_depth': -1, 'min_child_samples': 25, 'num_leaves': 20, 'reg_alpha': 0.7497373116096724, 'reg_lambda': 0.5086123913046579, 'subsample_for_bin': 52000, 'subsample': 1.0, 'subsample_freq': 0}",94,1.0077431949786841,0.42372903595341144,0.008392298680564023
0.5853626422356657,"{'boosting_type': 'gbdt', 'colsample_bytree': 0.8708771345471364, 'learning_rate': 0.1256534980147123, 'limit_max_depth': False, 'max_depth': -1, 'min_child_samples': 10, 'num_leaves': 31, 'reg_alpha': 0.13450646837695238, 'reg_lambda': 0.5395807889421214, 'subsample_for_bin': 26000, 'subsample': 0.7786393471156756, 'subsample_freq': 6}",95,1.3012080194428564,0.41463735776433425,0.014846617273106396
0.573346813138845,"{'boosting_type': 'gbdt', 'colsample_bytree': 0.6961723827160844, 'learning_rate': 0.05244886814275697, 'limit_max_depth': False, 'max_depth': -1, 'min_child_samples': 15, 'num_leaves': 36, 'reg_alpha': 0.6933565984033988, 'reg_lambda': 0.039345345364267856, 'subsample_for_bin': 46000, 'subsample': 0.9249865226235712, 'subsample_freq': 5}",96,1.1939171943813562,0.42665318686115505,0.012477042486836114
0.5724589091394849,"{'boosting_type': 'gbdt', 'colsample_bytree': 0.8268681673749809, 'learning_rate': 0.08085664460234505, 'limit_max_depth': True, 'max_depth': 29, 'min_child_samples': 40, 'num_leaves': 47, 'reg_alpha': 0.1734407268167516, 'reg_lambda': 0.23345374567205113, 'subsample_for_bin': 30000, 'subsample': 0.7224865300545958, 'subsample_freq': 2}",97,1.0330419492907823,0.427541090860515,0.014766496674555398
0.6162297811800348,"{'boosting_type': 'dart', 'colsample_bytree': 0.8079214064596729, 'learning_rate': 0.06559798347771678, 'limit_max_depth': False, 'max_depth': -1, 'min_child_samples': 35, 'num_leaves': 39, 'reg_alpha': 0.5703300386765398, 'reg_lambda': 0.5838257321201212, 'subsample_for_bin': 74000, 'drop_rate': 0.1806075171172294, 'subsample': 0.672114119283969, 'subsample_freq': 9}",98,169.41175725637004,0.38377021881996515,0.01857565290804257
0.5547431982503482,"{'boosting_type': 'gbdt', 'colsample_bytree': 0.9644467548526079, 'learning_rate': 0.02577441856151894, 'limit_max_depth': False, 'max_depth': -1, 'min_child_samples': 20, 'num_leaves': 21, 'reg_alpha': 0.31710924224233555, 'reg_lambda': 0.6467479761371384, 'subsample_for_bin': 58000, 'subsample': 0.6277252443301543, 'subsample_freq': 3}",99,0.976699692569673,0.44525680174965176,0.017824247404323354
0.573177316063476,"{'boosting_type': 'goss', 'colsample_bytree': 0.742458259908705, 'learning_rate': 0.032988273838374806, 'limit_max_depth': False, 'max_depth': -1, 'min_child_samples': 25, 'num_leaves': 26, 'reg_alpha': 0.29017656706733175, 'reg_lambda': 0.49429008328776114, 'subsample_for_bin': 6000, 'subsample': 1.0, 'subsample_freq': 0}",100,1.2929773958399893,0.426822683936524,0.02674022006026067
0.5702619357285938,"{'boosting_type': 'gbdt', 'colsample_bytree': 0.861054670139123, 'learning_rate': 0.0702020323905122, 'limit_max_depth': False, 'max_depth': -1, 'min_child_samples': 30, 'num_leaves': 29, 'reg_alpha': 0.10559359173859811, 'reg_lambda': 0.3706108689055494, 'subsample_for_bin': 36000, 'subsample': 0.6640846509005757, 'subsample_freq': 1}",101,1.1197648297064007,0.4297380642714062,0.016619046542725398
